<?xml version='1.0' encoding='UTF-8'?>
<?artifactRepository version='1.1.0'?>
<repository name='file:/Users/dejimjuang/Workspace/examples/ethereum-connector/target/update-site/ - artifacts' type='org.eclipse.equinox.p2.artifact.repository.simpleRepository' version='1'>
  <properties size='2'>
    <property name='p2.timestamp' value='1521773398066'/>
    <property name='p2.compressed' value='false'/>
  </properties>
  <mappings size='3'>
    <rule filter='(&amp; (classifier=osgi.bundle))' output='${repoUrl}/plugins/${id}_${version}.jar'/>
    <rule filter='(&amp; (classifier=binary))' output='${repoUrl}/binary/${id}_${version}'/>
    <rule filter='(&amp; (classifier=org.eclipse.update.feature))' output='${repoUrl}/features/${id}_${version}.jar'/>
  </mappings>
  <artifacts size='2'>
    <artifact classifier='org.eclipse.update.feature' id='org.mule.tooling.ui.extension.ethereum-connector.3.5.0' version='1.0.0.201803222149'>
      <properties size='4'>
        <property name='artifact.size' value='645'/>
        <property name='download.size' value='645'/>
        <property name='download.md5' value='725bf5a7d48ffb1f9e4f386d07df3500'/>
        <property name='download.contentType' value='application/zip'/>
      </properties>
    </artifact>
    <artifact classifier='osgi.bundle' id='org.mule.tooling.ui.contribution.ethereum.3.5.0' version='1.0.0.201803222149'>
      <properties size='3'>
        <property name='artifact.size' value='26525204'/>
        <property name='download.size' value='26525204'/>
        <property name='download.md5' value='5f3c1b34bc74aea65c04746870f27118'/>
      </properties>
    </artifact>
  </artifacts>
</repository>
